image_path,image_name
word_images/IMG_9829_word_104158.png,IMG_9829_word_104158.png
word_images/IMG_9829_word_104238.png,IMG_9829_word_104238.png
word_images/IMG_9829_word_105549.png,IMG_9829_word_105549.png
word_images/IMG_9829_word_105925.png,IMG_9829_word_105925.png
word_images/IMG_9829_word_106744.png,IMG_9829_word_106744.png
word_images/IMG_9829_word_107538.png,IMG_9829_word_107538.png
word_images/IMG_9829_word_107763.png,IMG_9829_word_107763.png
word_images/IMG_9829_word_108441.png,IMG_9829_word_108441.png
word_images/IMG_9829_word_108456.png,IMG_9829_word_108456.png
word_images/IMG_9829_word_108605.png,IMG_9829_word_108605.png
word_images/IMG_9829_word_109182.png,IMG_9829_word_109182.png
word_images/IMG_9829_word_109492.png,IMG_9829_word_109492.png
word_images/IMG_9829_word_110435.png,IMG_9829_word_110435.png
word_images/IMG_9829_word_111302.png,IMG_9829_word_111302.png
word_images/IMG_9829_word_111844.png,IMG_9829_word_111844.png
word_images/IMG_9829_word_112411.png,IMG_9829_word_112411.png
word_images/IMG_9829_word_114315.png,IMG_9829_word_114315.png
word_images/IMG_9829_word_114525.png,IMG_9829_word_114525.png
word_images/IMG_9829_word_115506.png,IMG_9829_word_115506.png
word_images/IMG_9829_word_117373.png,IMG_9829_word_117373.png
word_images/IMG_9829_word_117480.png,IMG_9829_word_117480.png
word_images/IMG_9829_word_117922.png,IMG_9829_word_117922.png
word_images/IMG_9829_word_118349.png,IMG_9829_word_118349.png
word_images/IMG_9829_word_119104.png,IMG_9829_word_119104.png
word_images/IMG_9829_word_119208.png,IMG_9829_word_119208.png
word_images/IMG_9829_word_119706.png,IMG_9829_word_119706.png
word_images/IMG_9829_word_119850.png,IMG_9829_word_119850.png
word_images/IMG_9829_word_121820.png,IMG_9829_word_121820.png
word_images/IMG_9829_word_122.png,IMG_9829_word_122.png
word_images/IMG_9829_word_122035.png,IMG_9829_word_122035.png
word_images/IMG_9829_word_123631.png,IMG_9829_word_123631.png
word_images/IMG_9829_word_124428.png,IMG_9829_word_124428.png
word_images/IMG_9829_word_126064.png,IMG_9829_word_126064.png
word_images/IMG_9829_word_126075.png,IMG_9829_word_126075.png
word_images/IMG_9829_word_126428.png,IMG_9829_word_126428.png
word_images/IMG_9829_word_128557.png,IMG_9829_word_128557.png
word_images/IMG_9829_word_128718.png,IMG_9829_word_128718.png
word_images/IMG_9829_word_130271.png,IMG_9829_word_130271.png
word_images/IMG_9829_word_131102.png,IMG_9829_word_131102.png
word_images/IMG_9829_word_131443.png,IMG_9829_word_131443.png
word_images/IMG_9829_word_132423.png,IMG_9829_word_132423.png
word_images/IMG_9829_word_132472.png,IMG_9829_word_132472.png
word_images/IMG_9829_word_133319.png,IMG_9829_word_133319.png
word_images/IMG_9829_word_133865.png,IMG_9829_word_133865.png
word_images/IMG_9829_word_134372.png,IMG_9829_word_134372.png
word_images/IMG_9829_word_134886.png,IMG_9829_word_134886.png
word_images/IMG_9829_word_135014.png,IMG_9829_word_135014.png
word_images/IMG_9829_word_135446.png,IMG_9829_word_135446.png
word_images/IMG_9829_word_137268.png,IMG_9829_word_137268.png
word_images/IMG_9829_word_137957.png,IMG_9829_word_137957.png
word_images/IMG_9829_word_138632.png,IMG_9829_word_138632.png
word_images/IMG_9829_word_139363.png,IMG_9829_word_139363.png
word_images/IMG_9829_word_139425.png,IMG_9829_word_139425.png
word_images/IMG_9829_word_140881.png,IMG_9829_word_140881.png
word_images/IMG_9829_word_141016.png,IMG_9829_word_141016.png
word_images/IMG_9829_word_141526.png,IMG_9829_word_141526.png
word_images/IMG_9829_word_143004.png,IMG_9829_word_143004.png
word_images/IMG_9829_word_14434.png,IMG_9829_word_14434.png
word_images/IMG_9829_word_145112.png,IMG_9829_word_145112.png
word_images/IMG_9829_word_14520.png,IMG_9829_word_14520.png
word_images/IMG_9829_word_146350.png,IMG_9829_word_146350.png
word_images/IMG_9829_word_146470.png,IMG_9829_word_146470.png
word_images/IMG_9829_word_147531.png,IMG_9829_word_147531.png
word_images/IMG_9829_word_147632.png,IMG_9829_word_147632.png
word_images/IMG_9829_word_148005.png,IMG_9829_word_148005.png
word_images/IMG_9829_word_148189.png,IMG_9829_word_148189.png
word_images/IMG_9829_word_148520.png,IMG_9829_word_148520.png
word_images/IMG_9829_word_148729.png,IMG_9829_word_148729.png
word_images/IMG_9829_word_148916.png,IMG_9829_word_148916.png
word_images/IMG_9829_word_149602.png,IMG_9829_word_149602.png
word_images/IMG_9829_word_152511.png,IMG_9829_word_152511.png
word_images/IMG_9829_word_155731.png,IMG_9829_word_155731.png
word_images/IMG_9829_word_15586.png,IMG_9829_word_15586.png
word_images/IMG_9829_word_156421.png,IMG_9829_word_156421.png
word_images/IMG_9829_word_156660.png,IMG_9829_word_156660.png
word_images/IMG_9829_word_157126.png,IMG_9829_word_157126.png
word_images/IMG_9829_word_158555.png,IMG_9829_word_158555.png
word_images/IMG_9829_word_160544.png,IMG_9829_word_160544.png
word_images/IMG_9829_word_160614.png,IMG_9829_word_160614.png
word_images/IMG_9829_word_161212.png,IMG_9829_word_161212.png
word_images/IMG_9829_word_161334.png,IMG_9829_word_161334.png
word_images/IMG_9829_word_161670.png,IMG_9829_word_161670.png
word_images/IMG_9829_word_161898.png,IMG_9829_word_161898.png
word_images/IMG_9829_word_162690.png,IMG_9829_word_162690.png
word_images/IMG_9829_word_164752.png,IMG_9829_word_164752.png
word_images/IMG_9829_word_166604.png,IMG_9829_word_166604.png
word_images/IMG_9829_word_167199.png,IMG_9829_word_167199.png
word_images/IMG_9829_word_169201.png,IMG_9829_word_169201.png
word_images/IMG_9829_word_16977.png,IMG_9829_word_16977.png
word_images/IMG_9829_word_169942.png,IMG_9829_word_169942.png
word_images/IMG_9829_word_171840.png,IMG_9829_word_171840.png
word_images/IMG_9829_word_17192.png,IMG_9829_word_17192.png
word_images/IMG_9829_word_173797.png,IMG_9829_word_173797.png
word_images/IMG_9829_word_174193.png,IMG_9829_word_174193.png
word_images/IMG_9829_word_174431.png,IMG_9829_word_174431.png
word_images/IMG_9829_word_174856.png,IMG_9829_word_174856.png
word_images/IMG_9829_word_17530.png,IMG_9829_word_17530.png
word_images/IMG_9829_word_176392.png,IMG_9829_word_176392.png
word_images/IMG_9829_word_177317.png,IMG_9829_word_177317.png
word_images/IMG_9829_word_177575.png,IMG_9829_word_177575.png
word_images/IMG_9829_word_178285.png,IMG_9829_word_178285.png
word_images/IMG_9829_word_179383.png,IMG_9829_word_179383.png
word_images/IMG_9829_word_180349.png,IMG_9829_word_180349.png
word_images/IMG_9829_word_182438.png,IMG_9829_word_182438.png
word_images/IMG_9829_word_182822.png,IMG_9829_word_182822.png
word_images/IMG_9829_word_18390.png,IMG_9829_word_18390.png
word_images/IMG_9829_word_184010.png,IMG_9829_word_184010.png
word_images/IMG_9829_word_185415.png,IMG_9829_word_185415.png
word_images/IMG_9829_word_187129.png,IMG_9829_word_187129.png
word_images/IMG_9829_word_188967.png,IMG_9829_word_188967.png
word_images/IMG_9829_word_189066.png,IMG_9829_word_189066.png
word_images/IMG_9829_word_190272.png,IMG_9829_word_190272.png
word_images/IMG_9829_word_190690.png,IMG_9829_word_190690.png
word_images/IMG_9829_word_191682.png,IMG_9829_word_191682.png
word_images/IMG_9829_word_191975.png,IMG_9829_word_191975.png
word_images/IMG_9829_word_194377.png,IMG_9829_word_194377.png
word_images/IMG_9829_word_194732.png,IMG_9829_word_194732.png
word_images/IMG_9829_word_196648.png,IMG_9829_word_196648.png
word_images/IMG_9829_word_200399.png,IMG_9829_word_200399.png
word_images/IMG_9829_word_202946.png,IMG_9829_word_202946.png
word_images/IMG_9829_word_203025.png,IMG_9829_word_203025.png
word_images/IMG_9829_word_204316.png,IMG_9829_word_204316.png
word_images/IMG_9829_word_206927.png,IMG_9829_word_206927.png
word_images/IMG_9829_word_207891.png,IMG_9829_word_207891.png
word_images/IMG_9829_word_213961.png,IMG_9829_word_213961.png
word_images/IMG_9829_word_214372.png,IMG_9829_word_214372.png
word_images/IMG_9829_word_214591.png,IMG_9829_word_214591.png
word_images/IMG_9829_word_215883.png,IMG_9829_word_215883.png
word_images/IMG_9829_word_224925.png,IMG_9829_word_224925.png
word_images/IMG_9829_word_228143.png,IMG_9829_word_228143.png
word_images/IMG_9829_word_232376.png,IMG_9829_word_232376.png
word_images/IMG_9829_word_243846.png,IMG_9829_word_243846.png
word_images/IMG_9829_word_243865.png,IMG_9829_word_243865.png
word_images/IMG_9829_word_244095.png,IMG_9829_word_244095.png
word_images/IMG_9829_word_244374.png,IMG_9829_word_244374.png
word_images/IMG_9829_word_24551.png,IMG_9829_word_24551.png
word_images/IMG_9829_word_25076.png,IMG_9829_word_25076.png
word_images/IMG_9829_word_25342.png,IMG_9829_word_25342.png
word_images/IMG_9829_word_26926.png,IMG_9829_word_26926.png
word_images/IMG_9829_word_28936.png,IMG_9829_word_28936.png
word_images/IMG_9829_word_29286.png,IMG_9829_word_29286.png
word_images/IMG_9829_word_32888.png,IMG_9829_word_32888.png
word_images/IMG_9829_word_33358.png,IMG_9829_word_33358.png
word_images/IMG_9829_word_33953.png,IMG_9829_word_33953.png
word_images/IMG_9829_word_34533.png,IMG_9829_word_34533.png
word_images/IMG_9829_word_36625.png,IMG_9829_word_36625.png
word_images/IMG_9829_word_41355.png,IMG_9829_word_41355.png
word_images/IMG_9829_word_41440.png,IMG_9829_word_41440.png
word_images/IMG_9829_word_43473.png,IMG_9829_word_43473.png
word_images/IMG_9829_word_44929.png,IMG_9829_word_44929.png
word_images/IMG_9829_word_45107.png,IMG_9829_word_45107.png
word_images/IMG_9829_word_47549.png,IMG_9829_word_47549.png
word_images/IMG_9829_word_47716.png,IMG_9829_word_47716.png
word_images/IMG_9829_word_48723.png,IMG_9829_word_48723.png
word_images/IMG_9829_word_52335.png,IMG_9829_word_52335.png
word_images/IMG_9829_word_52565.png,IMG_9829_word_52565.png
word_images/IMG_9829_word_53030.png,IMG_9829_word_53030.png
word_images/IMG_9829_word_53827.png,IMG_9829_word_53827.png
word_images/IMG_9829_word_55556.png,IMG_9829_word_55556.png
word_images/IMG_9829_word_56403.png,IMG_9829_word_56403.png
word_images/IMG_9829_word_56674.png,IMG_9829_word_56674.png
word_images/IMG_9829_word_56975.png,IMG_9829_word_56975.png
word_images/IMG_9829_word_57089.png,IMG_9829_word_57089.png
word_images/IMG_9829_word_57493.png,IMG_9829_word_57493.png
word_images/IMG_9829_word_58392.png,IMG_9829_word_58392.png
word_images/IMG_9829_word_58470.png,IMG_9829_word_58470.png
word_images/IMG_9829_word_63072.png,IMG_9829_word_63072.png
word_images/IMG_9829_word_63131.png,IMG_9829_word_63131.png
word_images/IMG_9829_word_63341.png,IMG_9829_word_63341.png
word_images/IMG_9829_word_64149.png,IMG_9829_word_64149.png
word_images/IMG_9829_word_64212.png,IMG_9829_word_64212.png
word_images/IMG_9829_word_67533.png,IMG_9829_word_67533.png
word_images/IMG_9829_word_69170.png,IMG_9829_word_69170.png
word_images/IMG_9829_word_69803.png,IMG_9829_word_69803.png
word_images/IMG_9829_word_71303.png,IMG_9829_word_71303.png
word_images/IMG_9829_word_73901.png,IMG_9829_word_73901.png
word_images/IMG_9829_word_73934.png,IMG_9829_word_73934.png
word_images/IMG_9829_word_74886.png,IMG_9829_word_74886.png
word_images/IMG_9829_word_77634.png,IMG_9829_word_77634.png
word_images/IMG_9829_word_77944.png,IMG_9829_word_77944.png
word_images/IMG_9829_word_78827.png,IMG_9829_word_78827.png
word_images/IMG_9829_word_79121.png,IMG_9829_word_79121.png
word_images/IMG_9829_word_79543.png,IMG_9829_word_79543.png
word_images/IMG_9829_word_80500.png,IMG_9829_word_80500.png
word_images/IMG_9829_word_81017.png,IMG_9829_word_81017.png
word_images/IMG_9829_word_82373.png,IMG_9829_word_82373.png
word_images/IMG_9829_word_83747.png,IMG_9829_word_83747.png
word_images/IMG_9829_word_84430.png,IMG_9829_word_84430.png
word_images/IMG_9829_word_85653.png,IMG_9829_word_85653.png
word_images/IMG_9829_word_86087.png,IMG_9829_word_86087.png
word_images/IMG_9829_word_86807.png,IMG_9829_word_86807.png
word_images/IMG_9829_word_87088.png,IMG_9829_word_87088.png
word_images/IMG_9829_word_87858.png,IMG_9829_word_87858.png
word_images/IMG_9829_word_88167.png,IMG_9829_word_88167.png
word_images/IMG_9829_word_88877.png,IMG_9829_word_88877.png
word_images/IMG_9829_word_89082.png,IMG_9829_word_89082.png
word_images/IMG_9829_word_91041.png,IMG_9829_word_91041.png
word_images/IMG_9829_word_91730.png,IMG_9829_word_91730.png
word_images/IMG_9829_word_93870.png,IMG_9829_word_93870.png
word_images/IMG_9829_word_94912.png,IMG_9829_word_94912.png
word_images/IMG_9829_word_95111.png,IMG_9829_word_95111.png
word_images/IMG_9829_word_95409.png,IMG_9829_word_95409.png
word_images/IMG_9829_word_97069.png,IMG_9829_word_97069.png
word_images/IMG_9829_word_97260.png,IMG_9829_word_97260.png
word_images/IMG_9829_word_97262.png,IMG_9829_word_97262.png
word_images/IMG_9829_word_98328.png,IMG_9829_word_98328.png
word_images/IMG_9829_word_99325.png,IMG_9829_word_99325.png
word_images/IMG_9829_word_99335.png,IMG_9829_word_99335.png
word_images/IMG_9829_word_99484.png,IMG_9829_word_99484.png
